2026-03-04 19:58:27,NIEDOSTEPNE
2026-03-04 20:00:19,NIEDOSTEPNE
2026-03-04 20:05:04,NIEDOSTEPNE
2026-03-04 20:23:27,NIEDOSTEPNE
2026-03-04 20:56:05,NIEDOSTEPNE
2026-03-04 21:36:50,NIEDOSTEPNE
2026-03-04 22:01:28,NIEDOSTEPNE
2026-03-04 22:45:22,NIEDOSTEPNE
2026-03-04 23:16:05,NIEDOSTEPNE
2026-03-04 23:47:13,NIEDOSTEPNE
2026-03-05 00:02:44,NIEDOSTEPNE
2026-03-05 02:50:37,NIEDOSTEPNE
2026-03-05 04:27:45,NIEDOSTEPNE
2026-03-05 05:33:21,NIEDOSTEPNE
2026-03-05 06:29:33,NIEDOSTEPNE
2026-03-05 07:26:51,NIEDOSTEPNE
2026-03-05 08:01:10,DOSTEPNE
2026-03-05 08:56:52,DOSTEPNE
2026-03-05 09:50:52,DOSTEPNE
2026-03-05 10:27:25,DOSTEPNE
2026-03-05 11:08:16,DOSTEPNE
2026-03-05 11:47:59,DOSTEPNE
2026-03-05 12:28:31,DOSTEPNE
2026-03-05 13:43:51,DOSTEPNE
2026-03-05 14:32:30,DOSTEPNE
2026-03-05 15:30:59,NIEDOSTEPNE
2026-03-05 17:46:33,NIEDOSTEPNE
2026-03-05 19:01:04,NIEDOSTEPNE
2026-03-05 19:57:59,NIEDOSTEPNE
2026-03-05 20:46:29,NIEDOSTEPNE
2026-03-05 21:19:48,NIEDOSTEPNE
2026-03-05 21:54:55,NIEDOSTEPNE
2026-03-05 22:30:38,NIEDOSTEPNE
2026-03-05 23:38:51,NIEDOSTEPNE
2026-03-06 00:58:49,NIEDOSTEPNE
2026-03-06 03:30:45,NIEDOSTEPNE
2026-03-06 04:58:53,NIEDOSTEPNE
2026-03-06 05:54:02,NIEDOSTEPNE
2026-03-06 06:42:19,NIEDOSTEPNE
2026-03-06 07:28:15,NIEDOSTEPNE
2026-03-06 08:00:35,DOSTEPNE
2026-03-06 08:52:40,DOSTEPNE
2026-03-06 09:31:05,DOSTEPNE
2026-03-06 10:04:33,DOSTEPNE
2026-03-06 10:53:16,DOSTEPNE
2026-03-06 11:24:03,DOSTEPNE
2026-03-06 11:50:59,DOSTEPNE
2026-03-06 12:28:22,DOSTEPNE
2026-03-06 13:36:26,DOSTEPNE
2026-03-06 14:22:13,DOSTEPNE
2026-03-06 15:02:29,DOSTEPNE
2026-03-06 15:51:20,DOSTEPNE
2026-03-06 16:26:49,NIEDOSTEPNE
2026-03-06 17:07:00,NIEDOSTEPNE
2026-03-06 17:51:53,NIEDOSTEPNE
2026-03-06 18:31:43,NIEDOSTEPNE
2026-03-06 19:20:43,NIEDOSTEPNE
2026-03-06 19:51:37,NIEDOSTEPNE
2026-03-06 20:20:45,NIEDOSTEPNE
2026-03-06 20:52:27,NIEDOSTEPNE
2026-03-06 21:22:25,NIEDOSTEPNE
2026-03-06 21:50:09,NIEDOSTEPNE
2026-03-06 22:14:51,NIEDOSTEPNE
2026-03-06 22:49:41,NIEDOSTEPNE
2026-03-06 23:15:32,NIEDOSTEPNE
2026-03-06 23:44:46,NIEDOSTEPNE
2026-03-07 00:00:16,NIEDOSTEPNE
2026-03-07 02:40:16,NIEDOSTEPNE
2026-03-07 04:14:02,NIEDOSTEPNE
2026-03-07 05:09:56,NIEDOSTEPNE
2026-03-07 05:52:18,NIEDOSTEPNE
2026-03-07 06:28:59,NIEDOSTEPNE
2026-03-07 07:05:47,NIEDOSTEPNE
2026-03-07 07:39:55,NIEDOSTEPNE
2026-03-07 07:56:41,NIEDOSTEPNE
2026-03-07 08:36:34,NIEDOSTEPNE
2026-03-07 09:00:03,NIEDOSTEPNE
2026-03-07 09:38:40,NIEDOSTEPNE
2026-03-07 09:56:17,NIEDOSTEPNE
2026-03-07 10:27:19,NIEDOSTEPNE
2026-03-07 10:50:09,NIEDOSTEPNE
2026-03-07 11:01:06,NIEDOSTEPNE
2026-03-07 11:30:29,NIEDOSTEPNE
2026-03-07 11:47:20,NIEDOSTEPNE
2026-03-07 11:58:05,NIEDOSTEPNE
2026-03-07 13:03:23,NIEDOSTEPNE
2026-03-07 13:47:05,NIEDOSTEPNE
2026-03-07 14:02:01,NIEDOSTEPNE
2026-03-07 14:35:52,NIEDOSTEPNE
2026-03-07 14:55:06,NIEDOSTEPNE
2026-03-07 15:22:54,NIEDOSTEPNE
2026-03-07 15:43:55,NIEDOSTEPNE
2026-03-07 15:58:39,NIEDOSTEPNE
2026-03-07 16:38:36,NIEDOSTEPNE
2026-03-07 16:57:20,NIEDOSTEPNE
2026-03-07 17:27:12,NIEDOSTEPNE
2026-03-07 17:47:53,NIEDOSTEPNE
2026-03-07 17:59:19,NIEDOSTEPNE
2026-03-07 18:47:39,NIEDOSTEPNE
2026-03-07 19:10:47,NIEDOSTEPNE
2026-03-07 19:34:07,NIEDOSTEPNE
2026-03-07 19:49:24,NIEDOSTEPNE
2026-03-07 20:00:00,NIEDOSTEPNE
2026-03-07 20:36:02,NIEDOSTEPNE
2026-03-07 20:54:53,NIEDOSTEPNE
2026-03-07 21:20:12,NIEDOSTEPNE
2026-03-07 21:39:53,NIEDOSTEPNE
2026-03-07 21:53:04,NIEDOSTEPNE
2026-03-07 22:17:08,NIEDOSTEPNE
2026-03-07 22:44:06,NIEDOSTEPNE
2026-03-07 22:59:20,NIEDOSTEPNE
2026-03-07 23:32:15,NIEDOSTEPNE
2026-03-07 23:50:51,NIEDOSTEPNE
2026-03-08 01:01:40,NIEDOSTEPNE
2026-03-08 03:35:30,NIEDOSTEPNE
2026-03-08 05:00:50,NIEDOSTEPNE
2026-03-08 05:53:25,NIEDOSTEPNE
2026-03-08 06:36:25,NIEDOSTEPNE
2026-03-08 07:19:48,NIEDOSTEPNE
2026-03-08 07:46:53,NIEDOSTEPNE
2026-03-08 08:00:24,NIEDOSTEPNE
2026-03-08 08:44:41,NIEDOSTEPNE
2026-03-08 09:03:31,NIEDOSTEPNE
2026-03-08 09:40:48,NIEDOSTEPNE
2026-03-08 09:58:01,NIEDOSTEPNE
2026-03-08 10:33:41,NIEDOSTEPNE
2026-03-08 10:55:02,NIEDOSTEPNE
2026-03-08 11:20:46,NIEDOSTEPNE
2026-03-08 11:40:38,NIEDOSTEPNE
2026-03-08 11:54:30,NIEDOSTEPNE
2026-03-08 12:43:22,NIEDOSTEPNE
2026-03-08 13:30:18,NIEDOSTEPNE
2026-03-08 13:58:53,NIEDOSTEPNE
2026-03-08 14:34:02,NIEDOSTEPNE
2026-03-08 14:54:57,NIEDOSTEPNE
2026-03-08 15:23:17,NIEDOSTEPNE
2026-03-08 15:44:44,NIEDOSTEPNE
2026-03-08 15:59:43,NIEDOSTEPNE
2026-03-08 16:40:30,NIEDOSTEPNE
2026-03-08 17:00:03,NIEDOSTEPNE
2026-03-08 17:33:01,NIEDOSTEPNE
2026-03-08 17:53:45,NIEDOSTEPNE
2026-03-08 18:28:03,NIEDOSTEPNE
2026-03-08 18:59:11,NIEDOSTEPNE
2026-03-08 19:31:53,NIEDOSTEPNE
2026-03-08 19:48:29,NIEDOSTEPNE
2026-03-08 19:59:10,NIEDOSTEPNE
2026-03-08 20:37:11,NIEDOSTEPNE
2026-03-08 20:56:41,NIEDOSTEPNE
2026-03-08 21:28:25,NIEDOSTEPNE
2026-03-08 21:48:50,NIEDOSTEPNE
2026-03-08 21:59:59,NIEDOSTEPNE
2026-03-08 22:34:59,NIEDOSTEPNE
2026-03-08 22:55:19,NIEDOSTEPNE
2026-03-08 23:24:53,NIEDOSTEPNE
2026-03-08 23:46:45,NIEDOSTEPNE
2026-03-09 00:00:03,NIEDOSTEPNE
2026-03-09 02:54:04,NIEDOSTEPNE
2026-03-09 04:49:13,NIEDOSTEPNE
2026-03-09 05:47:21,NIEDOSTEPNE
2026-03-09 06:43:49,NIEDOSTEPNE
2026-03-09 07:40:34,NIEDOSTEPNE
2026-03-09 08:26:46,NIEDOSTEPNE
2026-03-09 09:09:21,NIEDOSTEPNE
2026-03-09 10:06:45,DOSTEPNE
2026-03-09 11:01:33,DOSTEPNE
2026-03-09 11:43:01,DOSTEPNE
2026-03-09 12:03:01,DOSTEPNE
2026-03-09 13:38:12,DOSTEPNE
2026-03-09 14:34:56,DOSTEPNE
2026-03-09 15:38:06,DOSTEPNE
2026-03-09 16:38:58,DOSTEPNE
2026-03-09 17:32:22,NIEDOSTEPNE
2026-03-09 18:10:17,NIEDOSTEPNE
2026-03-09 19:10:28,NIEDOSTEPNE
2026-03-09 19:52:08,NIEDOSTEPNE
2026-03-09 20:24:24,NIEDOSTEPNE
2026-03-09 20:58:49,NIEDOSTEPNE
2026-03-09 21:41:19,NIEDOSTEPNE
2026-03-09 22:00:53,NIEDOSTEPNE
2026-03-09 22:40:26,NIEDOSTEPNE
2026-03-09 23:01:40,NIEDOSTEPNE
2026-03-09 23:38:13,NIEDOSTEPNE
2026-03-09 23:56:17,NIEDOSTEPNE
2026-03-10 02:12:46,NIEDOSTEPNE
2026-03-10 04:18:32,NIEDOSTEPNE
2026-03-10 05:28:46,NIEDOSTEPNE
2026-03-10 06:07:07,NIEDOSTEPNE
2026-03-10 07:07:22,NIEDOSTEPNE
2026-03-10 07:53:29,DOSTEPNE
2026-03-10 08:35:17,DOSTEPNE
2026-03-10 09:25:39,DOSTEPNE
2026-03-10 10:06:33,DOSTEPNE
2026-03-10 10:59:04,DOSTEPNE
2026-03-10 11:40:21,DOSTEPNE
2026-03-10 12:01:39,DOSTEPNE
2026-03-10 13:23:33,DOSTEPNE
2026-03-10 14:11:51,DOSTEPNE
2026-03-10 15:11:34,DOSTEPNE
2026-03-10 16:15:32,DOSTEPNE
2026-03-10 17:10:53,DOSTEPNE
2026-03-10 18:01:06,DOSTEPNE
2026-03-10 19:03:31,NIEDOSTEPNE
2026-03-10 19:48:08,NIEDOSTEPNE
2026-03-10 20:18:18,NIEDOSTEPNE
2026-03-10 20:53:30,NIEDOSTEPNE
2026-03-10 21:25:34,NIEDOSTEPNE
2026-03-10 21:51:04,NIEDOSTEPNE
2026-03-10 22:15:56,NIEDOSTEPNE
2026-03-10 22:49:13,NIEDOSTEPNE
2026-03-10 23:14:58,NIEDOSTEPNE
2026-03-10 23:45:09,NIEDOSTEPNE
2026-03-10 23:59:19,NIEDOSTEPNE
2026-03-11 02:44:43,NIEDOSTEPNE
2026-03-11 04:24:58,NIEDOSTEPNE
2026-03-11 05:32:30,NIEDOSTEPNE
2026-03-11 06:10:06,DOSTEPNE
2026-03-11 07:12:18,DOSTEPNE
2026-03-11 07:55:47,DOSTEPNE
2026-03-11 08:43:38,DOSTEPNE
2026-03-11 09:28:51,DOSTEPNE
2026-03-11 10:09:16,DOSTEPNE
2026-03-11 11:00:38,DOSTEPNE
2026-03-11 11:42:40,DOSTEPNE
2026-03-11 12:03:15,DOSTEPNE
2026-03-11 13:24:55,DOSTEPNE
2026-03-11 14:26:50,DOSTEPNE
2026-03-11 15:13:09,DOSTEPNE
2026-03-11 16:04:43,DOSTEPNE
2026-03-11 17:07:26,DOSTEPNE
2026-03-11 18:01:57,NIEDOSTEPNE
2026-03-11 19:06:43,NIEDOSTEPNE
2026-03-11 19:49:27,NIEDOSTEPNE
2026-03-11 20:19:54,NIEDOSTEPNE
2026-03-11 20:53:51,NIEDOSTEPNE
2026-03-11 21:29:10,NIEDOSTEPNE
2026-03-11 21:57:15,NIEDOSTEPNE
2026-03-11 22:32:22,NIEDOSTEPNE
2026-03-11 22:54:34,NIEDOSTEPNE
2026-03-11 23:23:52,NIEDOSTEPNE
2026-03-11 23:48:45,NIEDOSTEPNE
2026-03-12 00:47:01,NIEDOSTEPNE
2026-03-12 03:25:12,NIEDOSTEPNE
2026-03-12 05:03:25,NIEDOSTEPNE
2026-03-12 06:02:29,NIEDOSTEPNE
2026-03-12 07:10:14,NIEDOSTEPNE
2026-03-12 07:55:20,NIEDOSTEPNE
2026-03-12 08:42:57,DOSTEPNE
2026-03-12 09:28:55,DOSTEPNE
2026-03-12 10:09:42,DOSTEPNE
2026-03-12 11:00:25,DOSTEPNE
2026-03-12 11:38:33,DOSTEPNE
2026-03-12 11:58:46,DOSTEPNE
2026-03-12 13:21:28,DOSTEPNE
2026-03-12 14:12:46,DOSTEPNE
2026-03-12 15:11:09,NIEDOSTEPNE
2026-03-12 16:16:05,NIEDOSTEPNE
2026-03-12 17:13:48,NIEDOSTEPNE
2026-03-12 18:04:42,NIEDOSTEPNE
2026-03-12 19:08:46,NIEDOSTEPNE
2026-03-12 19:52:12,NIEDOSTEPNE
2026-03-12 20:25:33,NIEDOSTEPNE
2026-03-12 21:00:19,NIEDOSTEPNE
2026-03-12 21:43:30,NIEDOSTEPNE
2026-03-12 22:01:41,NIEDOSTEPNE
2026-03-12 22:38:44,NIEDOSTEPNE
2026-03-12 23:00:20,NIEDOSTEPNE
2026-03-12 23:38:01,NIEDOSTEPNE
2026-03-12 23:57:28,NIEDOSTEPNE
2026-03-13 02:36:24,NIEDOSTEPNE
2026-03-13 04:25:40,NIEDOSTEPNE
2026-03-13 05:33:14,NIEDOSTEPNE
2026-03-13 06:30:02,NIEDOSTEPNE
2026-03-13 07:29:29,NIEDOSTEPNE
2026-03-13 08:03:24,NIEDOSTEPNE
2026-03-13 08:55:49,NIEDOSTEPNE
2026-03-13 09:40:25,NIEDOSTEPNE
2026-03-13 10:19:39,NIEDOSTEPNE
2026-03-13 11:00:32,NIEDOSTEPNE
2026-03-13 11:39:14,NIEDOSTEPNE
2026-03-13 12:00:01,NIEDOSTEPNE
2026-03-13 13:20:17,NIEDOSTEPNE
2026-03-13 14:09:07,NIEDOSTEPNE
2026-03-13 15:01:15,NIEDOSTEPNE
2026-03-13 15:54:25,NIEDOSTEPNE
2026-03-13 16:37:42,NIEDOSTEPNE
2026-03-13 17:21:15,NIEDOSTEPNE
2026-03-13 17:56:16,NIEDOSTEPNE
2026-03-13 18:47:31,NIEDOSTEPNE
2026-03-13 19:22:45,NIEDOSTEPNE
2026-03-13 19:53:20,NIEDOSTEPNE
2026-03-13 20:28:19,NIEDOSTEPNE
2026-03-13 21:02:11,NIEDOSTEPNE
2026-03-13 21:46:12,NIEDOSTEPNE
2026-03-13 22:15:01,NIEDOSTEPNE
2026-03-13 22:47:21,NIEDOSTEPNE
2026-03-13 23:15:13,NIEDOSTEPNE
2026-03-13 23:45:34,NIEDOSTEPNE
2026-03-14 00:03:04,NIEDOSTEPNE
2026-03-14 02:48:46,NIEDOSTEPNE
2026-03-14 04:25:35,NIEDOSTEPNE
2026-03-14 05:31:44,NIEDOSTEPNE
2026-03-14 06:08:36,NIEDOSTEPNE
2026-03-14 07:06:02,NIEDOSTEPNE
2026-03-14 07:48:25,NIEDOSTEPNE
2026-03-14 08:18:32,NIEDOSTEPNE
2026-03-14 08:55:08,NIEDOSTEPNE
2026-03-14 09:32:50,NIEDOSTEPNE
2026-03-14 09:58:29,NIEDOSTEPNE
2026-03-14 10:38:18,NIEDOSTEPNE
2026-03-14 11:00:30,NIEDOSTEPNE
2026-03-14 11:33:34,NIEDOSTEPNE
2026-03-14 11:53:32,NIEDOSTEPNE
2026-03-14 12:39:52,NIEDOSTEPNE
2026-03-14 13:34:00,NIEDOSTEPNE
2026-03-14 14:03:51,NIEDOSTEPNE
2026-03-14 14:44:05,NIEDOSTEPNE
2026-03-14 15:03:05,NIEDOSTEPNE
2026-03-14 15:38:27,NIEDOSTEPNE
2026-03-14 15:57:16,NIEDOSTEPNE
2026-03-14 16:38:17,NIEDOSTEPNE
2026-03-14 17:02:29,NIEDOSTEPNE
2026-03-14 17:38:14,NIEDOSTEPNE
2026-03-14 17:58:29,NIEDOSTEPNE
2026-03-14 18:52:37,NIEDOSTEPNE
2026-03-14 19:21:31,NIEDOSTEPNE
2026-03-14 19:45:31,NIEDOSTEPNE
2026-03-14 20:00:14,NIEDOSTEPNE
2026-03-14 20:39:49,NIEDOSTEPNE
2026-03-14 20:59:54,NIEDOSTEPNE
2026-03-14 21:35:14,NIEDOSTEPNE
2026-03-14 21:55:09,NIEDOSTEPNE
2026-03-14 22:25:39,NIEDOSTEPNE
2026-03-14 22:53:21,NIEDOSTEPNE
2026-03-14 23:22:45,NIEDOSTEPNE
2026-03-14 23:48:42,NIEDOSTEPNE
2026-03-15 01:03:57,NIEDOSTEPNE
2026-03-15 04:04:34,NIEDOSTEPNE
2026-03-15 05:42:12,NIEDOSTEPNE
2026-03-15 06:39:13,NIEDOSTEPNE
2026-03-15 07:33:03,NIEDOSTEPNE
2026-03-15 08:02:25,NIEDOSTEPNE
2026-03-15 08:51:39,NIEDOSTEPNE
2026-03-15 09:24:21,NIEDOSTEPNE
2026-03-15 09:56:17,NIEDOSTEPNE
2026-03-15 10:33:58,NIEDOSTEPNE
2026-03-15 11:00:36,NIEDOSTEPNE
2026-03-15 11:35:11,NIEDOSTEPNE
2026-03-15 11:53:46,NIEDOSTEPNE
2026-03-15 12:43:06,NIEDOSTEPNE
2026-03-15 13:36:20,NIEDOSTEPNE
2026-03-15 14:06:06,NIEDOSTEPNE
2026-03-15 14:47:51,NIEDOSTEPNE
2026-03-15 15:16:19,NIEDOSTEPNE
2026-03-15 15:47:21,NIEDOSTEPNE
2026-03-15 16:15:23,NIEDOSTEPNE
2026-03-15 16:51:14,NIEDOSTEPNE
2026-03-15 17:18:01,NIEDOSTEPNE
2026-03-15 17:49:16,NIEDOSTEPNE
2026-03-15 18:20:11,NIEDOSTEPNE
2026-03-15 19:01:46,NIEDOSTEPNE
2026-03-15 19:37:29,NIEDOSTEPNE
2026-03-15 19:55:40,NIEDOSTEPNE
2026-03-15 20:30:57,NIEDOSTEPNE
2026-03-15 20:56:46,NIEDOSTEPNE
2026-03-15 21:32:20,NIEDOSTEPNE
2026-03-15 21:55:06,NIEDOSTEPNE
2026-03-15 22:27:30,NIEDOSTEPNE
2026-03-15 22:56:47,NIEDOSTEPNE
2026-03-15 23:33:29,NIEDOSTEPNE
2026-03-15 23:56:26,NIEDOSTEPNE
2026-03-16 02:42:36,NIEDOSTEPNE
2026-03-16 05:06:17,NIEDOSTEPNE
2026-03-16 06:47:58,NIEDOSTEPNE
2026-03-16 07:59:06,DOSTEPNE
2026-03-16 09:09:23,DOSTEPNE
2026-03-16 10:15:07,DOSTEPNE
2026-03-16 11:13:42,DOSTEPNE
2026-03-16 11:59:28,DOSTEPNE
2026-03-16 13:47:26,DOSTEPNE
2026-03-16 14:50:49,DOSTEPNE
2026-03-16 15:52:53,DOSTEPNE
2026-03-16 16:55:43,DOSTEPNE
2026-03-16 18:01:10,DOSTEPNE
2026-03-16 19:17:47,NIEDOSTEPNE
2026-03-16 19:57:57,NIEDOSTEPNE
2026-03-16 20:49:10,NIEDOSTEPNE
2026-03-16 21:25:55,NIEDOSTEPNE
2026-03-16 22:02:13,NIEDOSTEPNE
2026-03-16 22:47:59,NIEDOSTEPNE
2026-03-16 23:17:10,NIEDOSTEPNE
2026-03-16 23:47:05,NIEDOSTEPNE
2026-03-17 00:55:28,NIEDOSTEPNE
2026-03-17 03:33:39,NIEDOSTEPNE
2026-03-17 05:11:01,NIEDOSTEPNE
2026-03-17 06:14:04,NIEDOSTEPNE
2026-03-17 07:31:39,NIEDOSTEPNE
2026-03-17 08:09:11,DOSTEPNE
2026-03-17 09:08:12,DOSTEPNE
2026-03-17 10:07:58,DOSTEPNE
2026-03-17 11:07:41,DOSTEPNE
2026-03-17 11:54:40,DOSTEPNE
2026-03-17 13:08:40,DOSTEPNE
2026-03-17 14:22:04,DOSTEPNE
2026-03-17 15:35:32,DOSTEPNE
2026-03-17 16:43:59,DOSTEPNE
2026-03-17 17:44:57,NIEDOSTEPNE
2026-03-17 18:39:48,NIEDOSTEPNE
2026-03-17 19:42:21,NIEDOSTEPNE
2026-03-17 20:22:09,NIEDOSTEPNE
2026-03-17 21:02:15,NIEDOSTEPNE
2026-03-17 21:50:50,NIEDOSTEPNE
2026-03-17 22:21:31,NIEDOSTEPNE
2026-03-17 22:56:59,NIEDOSTEPNE
2026-03-17 23:37:03,NIEDOSTEPNE
2026-03-18 00:01:05,NIEDOSTEPNE
2026-03-18 03:15:56,NIEDOSTEPNE
2026-03-18 05:10:10,NIEDOSTEPNE
2026-03-18 06:13:39,NIEDOSTEPNE
2026-03-18 07:19:35,DOSTEPNE
2026-03-18 08:03:34,DOSTEPNE
2026-03-18 09:03:52,DOSTEPNE
2026-03-18 10:08:40,DOSTEPNE
2026-03-18 11:09:38,DOSTEPNE
2026-03-18 11:58:45,DOSTEPNE
2026-03-18 12:17:58,DOSTEPNE
2026-03-18 12:31:40,DOSTEPNE
2026-03-18 12:53:04,DOSTEPNE
2026-03-18 13:45:55,DOSTEPNE
2026-03-18 14:52:35,DOSTEPNE
2026-03-18 16:02:56,DOSTEPNE
2026-03-18 17:15:27,DOSTEPNE
2026-03-18 18:12:09,DOSTEPNE
2026-03-18 19:18:42,NIEDOSTEPNE
2026-03-18 19:56:25,NIEDOSTEPNE
2026-03-18 20:41:05,NIEDOSTEPNE
2026-03-18 21:20:46,NIEDOSTEPNE
2026-03-18 21:54:23,NIEDOSTEPNE
2026-03-18 22:30:13,NIEDOSTEPNE
2026-03-18 23:00:03,NIEDOSTEPNE
2026-03-18 23:38:12,NIEDOSTEPNE
2026-03-18 23:58:13,NIEDOSTEPNE
2026-03-19 02:54:24,NIEDOSTEPNE
2026-03-19 04:52:39,NIEDOSTEPNE
2026-03-19 05:53:53,NIEDOSTEPNE
2026-03-19 06:53:45,DOSTEPNE
2026-03-19 07:44:15,DOSTEPNE
2026-03-19 08:26:20,DOSTEPNE
2026-03-19 09:10:27,DOSTEPNE
2026-03-19 10:01:26,DOSTEPNE
2026-03-19 10:56:22,DOSTEPNE
2026-03-19 11:37:52,DOSTEPNE
2026-03-19 12:02:42,DOSTEPNE
2026-03-19 13:39:55,DOSTEPNE
2026-03-19 14:34:33,DOSTEPNE
2026-03-19 15:30:49,DOSTEPNE
2026-03-19 16:34:09,DOSTEPNE
2026-03-19 17:37:59,DOSTEPNE
2026-03-19 18:32:25,DOSTEPNE
2026-03-19 19:30:32,NIEDOSTEPNE
2026-03-19 20:03:12,NIEDOSTEPNE
2026-03-19 20:53:00,NIEDOSTEPNE
2026-03-19 21:29:37,NIEDOSTEPNE
2026-03-19 21:57:40,NIEDOSTEPNE
2026-03-19 22:36:11,NIEDOSTEPNE
2026-03-19 23:00:54,NIEDOSTEPNE
2026-03-19 23:39:08,NIEDOSTEPNE
2026-03-19 23:58:46,NIEDOSTEPNE
2026-03-20 02:48:56,NIEDOSTEPNE
2026-03-20 04:28:39,NIEDOSTEPNE
2026-03-20 05:36:48,NIEDOSTEPNE
