2026-03-18 12:31:40,DOSTEPNE
2026-03-18 12:53:05,DOSTEPNE
2026-03-18 13:45:56,DOSTEPNE
2026-03-18 14:52:36,DOSTEPNE
2026-03-18 16:02:56,DOSTEPNE
2026-03-18 17:15:27,DOSTEPNE
2026-03-18 18:12:09,DOSTEPNE
2026-03-18 19:18:42,DOSTEPNE
2026-03-18 19:56:25,DOSTEPNE
2026-03-18 20:41:06,NIEDOSTEPNE
2026-03-18 21:20:48,NIEDOSTEPNE
2026-03-18 21:54:23,NIEDOSTEPNE
2026-03-18 22:30:14,NIEDOSTEPNE
2026-03-18 23:00:04,NIEDOSTEPNE
2026-03-18 23:38:13,NIEDOSTEPNE
2026-03-18 23:58:14,NIEDOSTEPNE
2026-03-19 02:54:25,NIEDOSTEPNE
2026-03-19 04:52:39,NIEDOSTEPNE
2026-03-19 05:53:54,NIEDOSTEPNE
2026-03-19 06:53:46,NIEDOSTEPNE
2026-03-19 07:44:15,NIEDOSTEPNE
2026-03-19 08:26:21,NIEDOSTEPNE
2026-03-19 09:10:27,NIEDOSTEPNE
2026-03-19 10:01:27,NIEDOSTEPNE
2026-03-19 10:56:24,NIEDOSTEPNE
2026-03-19 11:37:52,NIEDOSTEPNE
2026-03-19 12:02:43,NIEDOSTEPNE
2026-03-19 13:39:56,NIEDOSTEPNE
2026-03-19 14:34:34,NIEDOSTEPNE
2026-03-19 15:30:49,NIEDOSTEPNE
2026-03-19 16:34:10,NIEDOSTEPNE
2026-03-19 17:38:00,NIEDOSTEPNE
2026-03-19 18:32:26,NIEDOSTEPNE
2026-03-19 19:30:33,NIEDOSTEPNE
2026-03-19 20:03:13,NIEDOSTEPNE
2026-03-19 20:53:02,NIEDOSTEPNE
2026-03-19 21:29:38,NIEDOSTEPNE
2026-03-19 21:57:41,NIEDOSTEPNE
2026-03-19 22:36:12,NIEDOSTEPNE
2026-03-19 23:00:55,NIEDOSTEPNE
2026-03-19 23:39:09,NIEDOSTEPNE
2026-03-19 23:58:48,NIEDOSTEPNE
2026-03-20 02:48:56,NIEDOSTEPNE
2026-03-20 04:28:40,NIEDOSTEPNE
2026-03-20 05:36:48,NIEDOSTEPNE
2026-03-20 06:34:05,NIEDOSTEPNE
2026-03-20 07:32:17,NIEDOSTEPNE
2026-03-20 08:04:15,NIEDOSTEPNE
2026-03-20 08:57:12,NIEDOSTEPNE
2026-03-20 09:50:27,NIEDOSTEPNE
2026-03-20 10:25:14,NIEDOSTEPNE
2026-03-20 11:04:10,NIEDOSTEPNE
2026-03-20 11:42:43,DOSTEPNE
2026-03-20 12:01:57,DOSTEPNE
2026-03-20 13:21:23,DOSTEPNE
2026-03-20 14:10:10,DOSTEPNE
2026-03-20 15:02:37,DOSTEPNE
2026-03-20 15:54:39,DOSTEPNE
2026-03-20 16:41:16,DOSTEPNE
2026-03-20 17:24:52,DOSTEPNE
2026-03-20 18:00:05,DOSTEPNE
2026-03-20 19:03:02,DOSTEPNE
2026-03-20 19:45:41,DOSTEPNE
2026-03-20 20:16:03,DOSTEPNE
2026-03-20 20:52:19,NIEDOSTEPNE
2026-03-20 21:23:07,NIEDOSTEPNE
2026-03-20 21:52:14,NIEDOSTEPNE
2026-03-20 22:19:40,NIEDOSTEPNE
2026-03-20 22:51:27,NIEDOSTEPNE
2026-03-20 23:19:10,NIEDOSTEPNE
2026-03-20 23:47:35,NIEDOSTEPNE
2026-03-21 00:52:06,NIEDOSTEPNE
2026-03-21 03:14:34,NIEDOSTEPNE
2026-03-21 04:48:52,NIEDOSTEPNE
2026-03-21 05:32:57,NIEDOSTEPNE
2026-03-21 06:05:22,NIEDOSTEPNE
2026-03-21 07:00:55,NIEDOSTEPNE
2026-03-21 07:40:02,NIEDOSTEPNE
2026-03-21 07:58:25,NIEDOSTEPNE
2026-03-21 08:45:16,NIEDOSTEPNE
2026-03-21 09:16:26,NIEDOSTEPNE
2026-03-21 09:48:54,NIEDOSTEPNE
2026-03-21 10:12:46,NIEDOSTEPNE
2026-03-21 10:46:54,NIEDOSTEPNE
2026-03-21 11:02:47,NIEDOSTEPNE
2026-03-21 11:33:38,DOSTEPNE
2026-03-21 11:52:01,DOSTEPNE
2026-03-21 12:28:38,DOSTEPNE
2026-03-21 13:26:22,DOSTEPNE
2026-03-21 13:58:27,DOSTEPNE
2026-03-21 14:35:58,DOSTEPNE
2026-03-21 14:57:43,DOSTEPNE
2026-03-21 15:33:12,DOSTEPNE
2026-03-21 15:52:53,NIEDOSTEPNE
2026-03-21 16:21:14,NIEDOSTEPNE
2026-03-21 16:51:29,NIEDOSTEPNE
2026-03-21 17:17:11,NIEDOSTEPNE
2026-03-21 17:45:26,NIEDOSTEPNE
2026-03-21 18:00:22,NIEDOSTEPNE
2026-03-21 18:50:41,NIEDOSTEPNE
2026-03-21 19:15:16,NIEDOSTEPNE
2026-03-21 19:40:45,NIEDOSTEPNE
2026-03-21 19:56:03,NIEDOSTEPNE
2026-03-21 20:29:39,NIEDOSTEPNE
2026-03-21 20:53:33,NIEDOSTEPNE
2026-03-21 21:20:30,NIEDOSTEPNE
2026-03-21 21:43:17,NIEDOSTEPNE
2026-03-21 21:58:44,NIEDOSTEPNE
2026-03-21 22:35:03,NIEDOSTEPNE
2026-03-21 22:56:32,NIEDOSTEPNE
2026-03-21 23:29:08,NIEDOSTEPNE
2026-03-21 23:51:12,NIEDOSTEPNE
2026-03-22 01:08:06,NIEDOSTEPNE
2026-03-22 03:45:56,NIEDOSTEPNE
2026-03-22 05:12:42,NIEDOSTEPNE
2026-03-22 06:07:39,NIEDOSTEPNE
2026-03-22 07:07:48,NIEDOSTEPNE
2026-03-22 07:49:33,NIEDOSTEPNE
2026-03-22 08:18:34,NIEDOSTEPNE
2026-03-22 08:54:26,NIEDOSTEPNE
2026-03-22 09:30:11,NIEDOSTEPNE
2026-03-22 09:57:17,NIEDOSTEPNE
2026-03-22 10:33:59,NIEDOSTEPNE
2026-03-22 10:57:13,NIEDOSTEPNE
2026-03-22 11:29:10,DOSTEPNE
2026-03-22 11:49:09,DOSTEPNE
2026-03-22 12:00:38,DOSTEPNE
2026-03-22 13:11:49,DOSTEPNE
2026-03-22 13:53:21,DOSTEPNE
2026-03-22 14:22:38,DOSTEPNE
2026-03-22 14:51:52,DOSTEPNE
2026-03-22 15:17:37,DOSTEPNE
2026-03-22 15:44:57,DOSTEPNE
2026-03-22 16:00:51,DOSTEPNE
2026-03-22 16:43:02,NIEDOSTEPNE
2026-03-22 17:02:37,NIEDOSTEPNE
2026-03-22 17:36:48,NIEDOSTEPNE
2026-03-22 17:56:41,NIEDOSTEPNE
2026-03-22 18:42:11,NIEDOSTEPNE
2026-03-22 19:14:55,NIEDOSTEPNE
2026-03-22 19:41:43,NIEDOSTEPNE
2026-03-22 19:56:30,NIEDOSTEPNE
2026-03-22 20:32:32,NIEDOSTEPNE
2026-03-22 20:55:52,NIEDOSTEPNE
2026-03-22 21:28:09,NIEDOSTEPNE
2026-03-22 21:51:36,NIEDOSTEPNE
2026-03-22 22:14:56,NIEDOSTEPNE
2026-03-22 22:47:01,NIEDOSTEPNE
2026-03-22 23:14:16,NIEDOSTEPNE
2026-03-22 23:46:14,NIEDOSTEPNE
2026-03-23 01:00:08,NIEDOSTEPNE
2026-03-23 03:48:15,NIEDOSTEPNE
2026-03-23 05:24:47,NIEDOSTEPNE
2026-03-23 06:46:35,NIEDOSTEPNE
2026-03-23 07:50:43,NIEDOSTEPNE
2026-03-23 08:40:22,NIEDOSTEPNE
2026-03-23 09:45:55,NIEDOSTEPNE
2026-03-23 10:39:13,NIEDOSTEPNE
2026-03-23 11:30:34,NIEDOSTEPNE
2026-03-23 12:06:17,NIEDOSTEPNE
2026-03-23 13:46:15,NIEDOSTEPNE
2026-03-23 14:44:48,NIEDOSTEPNE
2026-03-23 15:45:03,NIEDOSTEPNE
2026-03-23 16:38:48,NIEDOSTEPNE
2026-03-23 17:35:03,NIEDOSTEPNE
2026-03-23 18:29:22,NIEDOSTEPNE
2026-03-23 19:30:26,NIEDOSTEPNE
2026-03-23 20:05:13,NIEDOSTEPNE
2026-03-23 20:52:09,NIEDOSTEPNE
2026-03-23 21:28:01,NIEDOSTEPNE
2026-03-23 22:01:48,NIEDOSTEPNE
2026-03-23 22:47:59,NIEDOSTEPNE
2026-03-23 23:18:22,NIEDOSTEPNE
2026-03-23 23:51:06,NIEDOSTEPNE
2026-03-24 01:02:19,NIEDOSTEPNE
2026-03-24 03:40:45,NIEDOSTEPNE
2026-03-24 05:14:29,NIEDOSTEPNE
2026-03-24 06:15:59,NIEDOSTEPNE
2026-03-24 07:32:37,NIEDOSTEPNE
2026-03-24 08:09:31,NIEDOSTEPNE
2026-03-24 09:08:47,NIEDOSTEPNE
2026-03-24 10:09:08,NIEDOSTEPNE
2026-03-24 11:09:05,NIEDOSTEPNE
2026-03-24 11:56:16,NIEDOSTEPNE
2026-03-24 13:18:15,NIEDOSTEPNE
2026-03-24 14:38:30,NIEDOSTEPNE
2026-03-24 15:46:01,NIEDOSTEPNE
2026-03-24 16:44:17,NIEDOSTEPNE
2026-03-24 17:42:11,NIEDOSTEPNE
2026-03-24 18:40:44,NIEDOSTEPNE
2026-03-24 19:41:31,NIEDOSTEPNE
2026-03-24 20:24:35,NIEDOSTEPNE
2026-03-24 21:03:09,NIEDOSTEPNE
2026-03-24 21:50:01,NIEDOSTEPNE
2026-03-24 22:17:43,NIEDOSTEPNE
2026-03-24 22:53:46,NIEDOSTEPNE
2026-03-24 23:28:14,NIEDOSTEPNE
2026-03-24 23:57:12,NIEDOSTEPNE
2026-03-25 02:41:03,NIEDOSTEPNE
2026-03-25 04:34:34,NIEDOSTEPNE
2026-03-25 05:46:39,NIEDOSTEPNE
2026-03-25 06:45:14,NIEDOSTEPNE
2026-03-25 07:42:50,NIEDOSTEPNE
2026-03-25 08:32:23,NIEDOSTEPNE
2026-03-25 09:33:05,NIEDOSTEPNE
2026-03-25 10:29:18,NIEDOSTEPNE
2026-03-25 11:25:03,NIEDOSTEPNE
2026-03-25 12:02:53,NIEDOSTEPNE
2026-03-25 13:46:02,NIEDOSTEPNE
2026-03-25 14:48:03,NIEDOSTEPNE
2026-03-25 15:54:48,NIEDOSTEPNE
2026-03-25 17:01:13,NIEDOSTEPNE
2026-03-25 18:05:17,NIEDOSTEPNE
2026-03-25 19:10:18,NIEDOSTEPNE
2026-03-25 19:54:44,NIEDOSTEPNE
2026-03-25 20:37:00,NIEDOSTEPNE
2026-03-25 21:07:17,NIEDOSTEPNE
2026-03-25 21:52:55,NIEDOSTEPNE
2026-03-25 22:29:04,NIEDOSTEPNE
2026-03-25 23:05:27,NIEDOSTEPNE
2026-03-25 23:49:12,NIEDOSTEPNE
2026-03-26 01:03:34,NIEDOSTEPNE
2026-03-26 03:54:27,NIEDOSTEPNE
2026-03-26 05:40:19,NIEDOSTEPNE
2026-03-26 06:48:56,NIEDOSTEPNE
2026-03-26 07:50:57,NIEDOSTEPNE
2026-03-26 08:40:19,NIEDOSTEPNE
2026-03-26 09:45:22,NIEDOSTEPNE
2026-03-26 10:38:17,NIEDOSTEPNE
2026-03-26 11:35:27,NIEDOSTEPNE
2026-03-26 12:38:03,NIEDOSTEPNE
2026-03-26 14:10:44,NIEDOSTEPNE
2026-03-26 15:41:42,NIEDOSTEPNE
2026-03-26 16:46:08,NIEDOSTEPNE
2026-03-26 17:46:47,NIEDOSTEPNE
2026-03-26 18:43:20,NIEDOSTEPNE
2026-03-26 19:44:10,NIEDOSTEPNE
2026-03-26 20:20:54,NIEDOSTEPNE
2026-03-26 20:54:57,NIEDOSTEPNE
2026-03-26 21:30:41,NIEDOSTEPNE
2026-03-26 21:56:14,NIEDOSTEPNE
2026-03-26 22:33:00,NIEDOSTEPNE
2026-03-26 22:59:20,NIEDOSTEPNE
2026-03-26 23:41:40,NIEDOSTEPNE
2026-03-27 00:03:33,NIEDOSTEPNE
2026-03-27 03:27:14,NIEDOSTEPNE
2026-03-27 05:23:14,NIEDOSTEPNE
2026-03-27 06:44:03,NIEDOSTEPNE
2026-03-27 07:47:18,NIEDOSTEPNE
2026-03-27 08:34:48,NIEDOSTEPNE
2026-03-27 09:35:32,NIEDOSTEPNE
2026-03-27 10:29:17,NIEDOSTEPNE
2026-03-27 11:25:23,NIEDOSTEPNE
2026-03-27 12:02:47,NIEDOSTEPNE
2026-03-27 13:39:47,NIEDOSTEPNE
2026-03-27 14:35:55,NIEDOSTEPNE
2026-03-27 15:30:05,NIEDOSTEPNE
2026-03-27 16:30:03,NIEDOSTEPNE
2026-03-27 17:29:35,NIEDOSTEPNE
2026-03-27 18:30:05,NIEDOSTEPNE
2026-03-27 19:24:42,NIEDOSTEPNE
2026-03-27 19:57:51,NIEDOSTEPNE
2026-03-27 20:49:09,NIEDOSTEPNE
2026-03-27 21:22:43,NIEDOSTEPNE
2026-03-27 21:59:16,NIEDOSTEPNE
2026-03-27 22:45:01,NIEDOSTEPNE
2026-03-27 23:18:21,NIEDOSTEPNE
2026-03-27 23:49:37,NIEDOSTEPNE
2026-03-28 00:57:54,NIEDOSTEPNE
2026-03-28 03:39:53,NIEDOSTEPNE
2026-03-28 05:12:54,NIEDOSTEPNE
2026-03-28 06:12:29,NIEDOSTEPNE
2026-03-28 07:15:38,NIEDOSTEPNE
2026-03-28 07:55:45,NIEDOSTEPNE
2026-03-28 08:41:01,NIEDOSTEPNE
2026-03-28 09:21:33,NIEDOSTEPNE
2026-03-28 09:57:46,NIEDOSTEPNE
2026-03-28 10:38:59,NIEDOSTEPNE
2026-03-28 11:03:52,NIEDOSTEPNE
2026-03-28 11:38:08,NIEDOSTEPNE
2026-03-28 11:57:21,NIEDOSTEPNE
2026-03-28 13:07:01,NIEDOSTEPNE
2026-03-28 13:56:19,NIEDOSTEPNE
2026-03-28 14:34:50,NIEDOSTEPNE
2026-03-28 15:01:50,NIEDOSTEPNE
2026-03-28 15:42:37,NIEDOSTEPNE
2026-03-28 16:02:27,NIEDOSTEPNE
2026-03-28 16:48:39,NIEDOSTEPNE
2026-03-28 17:16:54,NIEDOSTEPNE
2026-03-28 17:50:09,NIEDOSTEPNE
2026-03-28 18:21:18,NIEDOSTEPNE
2026-03-28 19:04:39,NIEDOSTEPNE
2026-03-28 19:40:38,NIEDOSTEPNE
2026-03-28 20:00:08,NIEDOSTEPNE
2026-03-28 20:42:25,NIEDOSTEPNE
2026-03-28 21:04:29,NIEDOSTEPNE
2026-03-28 21:41:37,NIEDOSTEPNE
2026-03-28 22:00:56,NIEDOSTEPNE
2026-03-28 22:40:55,NIEDOSTEPNE
2026-03-28 23:03:22,NIEDOSTEPNE
2026-03-28 23:43:11,NIEDOSTEPNE
2026-03-29 00:02:23,NIEDOSTEPNE
2026-03-29 03:31:57,NIEDOSTEPNE
2026-03-29 05:26:36,NIEDOSTEPNE
2026-03-29 06:41:49,NIEDOSTEPNE
2026-03-29 07:39:25,NIEDOSTEPNE
2026-03-29 08:06:38,NIEDOSTEPNE
2026-03-29 08:57:15,NIEDOSTEPNE
2026-03-29 09:43:42,NIEDOSTEPNE
2026-03-29 10:18:04,NIEDOSTEPNE
2026-03-29 10:56:04,NIEDOSTEPNE
2026-03-29 11:31:32,NIEDOSTEPNE
2026-03-29 11:55:19,NIEDOSTEPNE
2026-03-29 12:56:33,NIEDOSTEPNE
2026-03-29 13:54:44,NIEDOSTEPNE
2026-03-29 14:32:41,NIEDOSTEPNE
2026-03-29 15:02:52,NIEDOSTEPNE
2026-03-29 15:43:41,NIEDOSTEPNE
2026-03-29 16:04:13,NIEDOSTEPNE
2026-03-29 16:50:08,NIEDOSTEPNE
2026-03-29 17:19:29,NIEDOSTEPNE
2026-03-29 17:53:03,NIEDOSTEPNE
2026-03-29 18:32:56,NIEDOSTEPNE
2026-03-29 19:18:40,NIEDOSTEPNE
2026-03-29 19:50:48,NIEDOSTEPNE
2026-03-29 20:18:03,NIEDOSTEPNE
2026-03-29 20:53:14,NIEDOSTEPNE
2026-03-29 21:26:59,NIEDOSTEPNE
2026-03-29 21:56:17,NIEDOSTEPNE
2026-03-29 22:35:32,NIEDOSTEPNE
2026-03-29 23:02:40,NIEDOSTEPNE
2026-03-29 23:45:40,NIEDOSTEPNE
2026-03-30 01:06:28,NIEDOSTEPNE
2026-03-30 04:16:39,NIEDOSTEPNE
2026-03-30 06:11:23,NIEDOSTEPNE
2026-03-30 08:01:35,NIEDOSTEPNE
2026-03-30 09:25:16,NIEDOSTEPNE
2026-03-30 10:44:36,NIEDOSTEPNE
2026-03-30 11:42:17,NIEDOSTEPNE
2026-03-30 12:42:04,NIEDOSTEPNE
